id,name,value
1000,Alabama,0
1001,Autauga,0
1003,Baldwin,0
1005,Barbour,0
1007,Bibb,0
1009,Blount,0
1011,Bullock,0
1013,Butler,0
1015,Calhoun,0
1017,Chambers,0
1019,Cherokee,0
1021,Chilton,0
1023,Choctaw,0
1025,Clarke,0
1027,Clay,0
1029,Cleburne,0
1031,Coffee,0
1033,Colbert,0
1035,Conecuh,0
1037,Coosa,0
1039,Covington,0
1041,Crenshaw,0
1043,Cullman,0
1045,Dale,0
1047,Dallas,0
1049,De Kalb,0
1051,Elmore,0
1053,Escambia,0
1055,Etowah,0
1057,Fayette,0
1059,Franklin,0
1061,Geneva,0
1063,Greene,0
1065,Hale,0
1067,Henry,0
1069,Houston,0
1071,Jackson,0
1073,Jefferson,0
1075,Lamar,0
1077,Lauderdale,0
1079,Lawrence,0
1081,Lee,0
1083,Limestone,0
1085,Lowndes,0
1087,Macon,0
1089,Madison,0
1091,Marengo,0
1093,Marion,0
1095,Marshall,0
1097,Mobile,0
1099,Monroe,0
1101,Montgomery,0
1103,Morgan,0
1105,Perry,0
1107,Pickens,0
1109,Pike,0
1111,Randolph,0
1113,Russell,0
1115,St. Clair,0
1117,Shelby,0
1119,Sumter,0
1121,Talladega,0
1123,Tallapoosa,0
1125,Tuscaloosa,0
1127,Walker,0
1129,Washington,0
1131,Wilcox,0
1133,Winston,0
2000,Alaska,0
2013,Aleutians East,0
2016,Aleutians West,0
2020,Anchorage,0
2050,Bethel,0
2060,Bristol Bay,0
2068,Denali,0
2070,Dillingham,0
2090,Fairbanks North Star,0
2100,Haines,0
2110,Juneau,0
2122,Kenai Peninsula,0
2130,Ketchikan Gateway,0
2150,Kodiak Island,0
2164,Lake and Peninsula,0
2170,Matanuska-Susitna,0
2180,Nome,0
2185,North Slope,0
2188,Northwest Arctic,0
2201,Prince of Wales-Outer Ketchikan,0
2220,Sitka,0
2232,Skagway-Hoonah-Angoon,0
2240,Southeast Fairbanks,0
2261,Valdez-Cordova,0
2270,Wade Hampton,0
2280,Wrangell-Petersburg,0
2282,Yakutat,0
2290,Yukon-Koyukuk,0
4000,Arizona,0
4001,Apache,0
4003,Cochise,0
4005,Coconino,3
4007,Gila,0
4009,Graham,0
4011,Greenlee,0
4012,La Paz,0
4013,Maricopa,4
4015,Mohave,2
4017,Navajo,0
4019,Pima,0
4021,Pinal,0
4023,Santa Cruz,0
4025,Yavapai,0
4027,Yuma,1
5000,Arkansas,0
5001,Arkansas,0
5003,Ashley,0
5005,Baxter,0
5007,Benton,0
5009,Boone,0
5011,Bradley,0
5013,Calhoun,0
5015,Carroll,0
5017,Chicot,0
5019,Clark,0
5021,Clay,0
5023,Cleburne,0
5025,Cleveland,0
5027,Columbia,0
5029,Conway,0
5031,Craighead,0
5033,Crawford,0
5035,Crittenden,0
5037,Cross,0
5039,Dallas,0
5041,Desha,0
5043,Drew,0
5045,Faulkner,0
5047,Franklin,0
5049,Fulton,0
5051,Garland,0
5053,Grant,0
5055,Greene,0
5057,Hempstead,0
5059,Hot Spring,0
5061,Howard,0
5063,Independence,0
5065,Izard,0
5067,Jackson,0
5069,Jefferson,0
5071,Johnson,0
5073,Lafayette,0
5075,Lawrence,0
5077,Lee,0
5079,Lincoln,0
5081,Little River,0
5083,Logan,0
5085,Lonoke,0
5087,Madison,0
5089,Marion,0
5091,Miller,0
5093,Mississippi,0
5095,Monroe,0
5097,Montgomery,0
5099,Nevada,0
5101,Newton,0
5103,Ouachita,0
5105,Perry,0
5107,Phillips,0
5109,Pike,0
5111,Poinsett,0
5113,Polk,0
5115,Pope,0
5117,Prairie,0
5119,Pulaski,0
5121,Randolph,0
5123,St. Francis,0
5125,Saline,0
5127,Scott,0
5129,Searcy,0
5131,Sebastian,0
5133,Sevier,0
5135,Sharp,0
5137,Stone,0
5139,Union,0
5141,Van Buren,0
5143,Washington,0
5145,White,0
5147,Woodruff,0
5149,Yell,0
6000,California,0
6001,Alameda,1
6003,Alpine,0
6005,Amador,0
6007,Butte,0
6009,Calaveras,0
6011,Colusa,0
6013,Contra Costa,1
6015,Del Norte,0
6017,El Dorado,0
6019,Fresno,0
6021,Glenn,0
6023,Humboldt,0
6025,Imperial,1
6027,Inyo,2
6029,Kern,0
6031,Kings,0
6033,Lake,0
6035,Lassen,0
6037,Los Angeles,3
6039,Madera,0
6041,Marin,1
6043,Mariposa,1
6045,Mendocino,0
6047,Merced,0
6049,Modoc,0
6051,Mono,0
6053,Monterey,2
6055,Napa,1
6057,Nevada,0
6059,Orange,1
6061,Placer,0
6063,Plumas,0
6065,Riverside,0
6067,Sacramento,0
6069,San Benito,0
6071,San Bernardino,2
6073,San Diego,3
6075,San Francisco,3
6077,San Joaquin,0
6079,San Luis Obispo,1
6081,San Mateo,2
6083,Santa Barbara,2
6085,Santa Clara,2
6087,Santa Cruz,2
6089,Shasta,0
6091,Sierra,0
6093,Siskiyou,0
6095,Solano,1
6097,Sonoma,1
6099,Stanislaus,1
6101,Sutter,0
6103,Tehama,0
6105,Trinity,0
6107,Tulare,0
6109,Tuolumne,1
6111,Ventura,1
6113,Yolo,0
6115,Yuba,0
8000,Colorado,0
8001,Adams,0
8003,Alamosa,0
8005,Arapahoe,0
8007,Archuleta,0
8009,Baca,0
8011,Bent,0
8013,Boulder,0
8015,Chaffee,0
8017,Cheyenne,0
8019,Clear Creek,0
8021,Conejos,0
8023,Costilla,0
8025,Crowley,0
8027,Custer,0
8029,Delta,0
8031,Denver,0
8033,Dolores,0
8035,Douglas,0
8037,Eagle,0
8039,Elbert,0
8041,El Paso,0
8043,Fremont,0
8045,Garfield,0
8047,Gilpin,0
8049,Grand,0
8051,Gunnison,0
8053,Hinsdale,0
8055,Huerfano,0
8057,Jackson,0
8059,Jefferson,0
8061,Kiowa,0
8063,Kit Carson,0
8065,Lake,0
8067,La Plata,0
8069,Larimer,0
8071,Las Animas,0
8073,Lincoln,0
8075,Logan,0
8077,Mesa,0
8079,Mineral,0
8081,Moffat,0
8083,Montezuma,0
8085,Montrose,0
8087,Morgan,0
8089,Otero,0
8091,Ouray,0
8093,Park,0
8095,Phillips,0
8097,Pitkin,0
8099,Prowers,0
8101,Pueblo,0
8103,Rio Blanco,0
8105,Rio Grande,0
8107,Routt,0
8109,Saguache,0
8111,San Juan,0
8113,San Miguel,0
8115,Sedgwick,0
8117,Summit,0
8119,Teller,0
8121,Washington,0
8123,Weld,0
8125,Yuma,0
9000,Connecticut,0
9001,Fairfield,0
9003,Hartford,0
9005,Litchfield,0
9007,Middlesex,0
9009,New Haven,0
9011,New London,0
9013,Tolland,0
9015,Windham,0
10000,Delaware,0
10001,Kent,0
10003,New Castle,0
10005,Sussex,0
11000,District of Columbia,0
11001,District of Columbia,0
12000,Florida,0
12001,Alachua,0
12003,Baker,0
12005,Bay,0
12007,Bradford,0
12009,Brevard,0
12011,Broward,2
12013,Calhoun,0
12015,Charlotte,0
12017,Citrus,0
12019,Clay,0
12021,Collier,1
12023,Columbia,0
12025,Dade,0
12027,De Soto,0
12029,Dixie,0
12031,Duval,0
12033,Escambia,0
12035,Flagler,0
12037,Franklin,0
12039,Gadsden,0
12041,Gilchrist,0
12043,Glades,0
12045,Gulf,0
12047,Hamilton,0
12049,Hardee,0
12051,Hendry,0
12053,Hernando,0
12055,Highlands,0
12057,Hillsborough,0
12059,Holmes,0
12061,Indian River,0
12063,Jackson,0
12065,Jefferson,0
12067,Lafayette,0
12069,Lake,0
12071,Lee,0
12073,Leon,0
12075,Levy,0
12077,Liberty,0
12079,Madison,0
12081,Manatee,0
12083,Marion,0
12085,Martin,0
12087,Monroe,1
12089,Nassau,0
12091,Okaloosa,0
12093,Okeechobee,0
12095,Orange,0
12097,Osceola,0
12099,Palm Beach,0
12101,Pasco,0
12103,Pinellas,0
12105,Polk,0
12107,Putnam,0
12109,St. Johns,0
12111,St. Lucie,0
12113,Santa Rosa,0
12115,Sarasota,0
12117,Seminole,0
12119,Sumter,0
12121,Suwannee,0
12123,Taylor,0
12125,Union,0
12127,Volusia,0
12129,Wakulla,0
12131,Walton,0
12133,Washington,0
13000,Georgia,0
13001,Appling,0
13003,Atkinson,0
13005,Bacon,0
13007,Baker,0
13009,Baldwin,0
13011,Banks,0
13013,Barrow,0
13015,Bartow,0
13017,Ben Hill,0
13019,Berrien,0
13021,Bibb,0
13023,Bleckley,0
13025,Brantley,0
13027,Brooks,0
13029,Bryan,0
13031,Bulloch,0
13033,Burke,0
13035,Butts,0
13037,Calhoun,0
13039,Camden,0
13043,Candler,0
13045,Carroll,0
13047,Catoosa,0
13049,Charlton,0
13051,Chatham,0
13053,Chattahoochee,0
13055,Chattooga,0
13057,Cherokee,0
13059,Clarke,0
13061,Clay,0
13063,Clayton,0
13065,Clinch,0
13067,Cobb,0
13069,Coffee,0
13071,Colquitt,0
13073,Columbia,0
13075,Cook,0
13077,Coweta,0
13079,Crawford,0
13081,Crisp,0
13083,Dade,0
13085,Dawson,0
13087,Decatur,0
13089,De Kalb,0
13091,Dodge,0
13093,Dooly,0
13095,Dougherty,0
13097,Douglas,0
13099,Early,0
13101,Echols,0
13103,Effingham,0
13105,Elbert,0
13107,Emanuel,0
13109,Evans,0
13111,Fannin,0
13113,Fayette,0
13115,Floyd,0
13117,Forsyth,0
13119,Franklin,0
13121,Fulton,0
13123,Gilmer,0
13125,Glascock,0
13127,Glynn,0
13129,Gordon,0
13131,Grady,0
13133,Greene,0
13135,Gwinnett,0
13137,Habersham,0
13139,Hall,0
13141,Hancock,0
13143,Haralson,0
13145,Harris,0
13147,Hart,0
13149,Heard,0
13151,Henry,0
13153,Houston,0
13155,Irwin,0
13157,Jackson,0
13159,Jasper,0
13161,Jeff Davis,0
13163,Jefferson,0
13165,Jenkins,0
13167,Johnson,0
13169,Jones,0
13171,Lamar,0
13173,Lanier,0
13175,Laurens,0
13177,Lee,0
13179,Liberty,0
13181,Lincoln,0
13183,Long,0
13185,Lowndes,0
13187,Lumpkin,0
13189,McDuffie,0
13191,McIntosh,0
13193,Macon,0
13195,Madison,0
13197,Marion,0
13199,Meriwether,0
13201,Miller,0
13205,Mitchell,0
13207,Monroe,0
13209,Montgomery,0
13211,Morgan,0
13213,Murray,0
13215,Muscogee,0
13217,Newton,0
13219,Oconee,0
13221,Oglethorpe,0
13223,Paulding,0
13225,Peach,0
13227,Pickens,0
13229,Pierce,0
13231,Pike,0
13233,Polk,0
13235,Pulaski,0
13237,Putnam,0
13239,Quitman,0
13241,Rabun,0
13243,Randolph,0
13245,Richmond,0
13247,Rockdale,0
13249,Schley,0
13251,Screven,0
13253,Seminole,0
13255,Spalding,0
13257,Stephens,0
13259,Stewart,0
13261,Sumter,0
13263,Talbot,0
13265,Taliaferro,0
13267,Tattnall,0
13269,Taylor,0
13271,Telfair,0
13273,Terrell,0
13275,Thomas,0
13277,Tift,0
13279,Toombs,0
13281,Towns,0
13283,Treutlen,0
13285,Troup,0
13287,Turner,0
13289,Twiggs,0
13291,Union,0
13293,Upson,0
13295,Walker,0
13297,Walton,0
13299,Ware,0
13301,Warren,0
13303,Washington,0
13305,Wayne,0
13307,Webster,0
13309,Wheeler,0
13311,White,0
13313,Whitfield,0
13315,Wilcox,0
13317,Wilkes,0
13319,Wilkinson,0
13321,Worth,0
15000,Hawaii,0
15001,Hawaii,3
15003,Honolulu,0
15005,Kalawao,0
15007,Kauai,0
15009,Maui,3
16000,Idaho,0
16001,Ada,0
16003,Adams,0
16005,Bannock,0
16007,Bear Lake,0
16009,Benewah,0
16011,Bingham,0
16013,Blaine,0
16015,Boise,0
16017,Bonner,0
16019,Bonneville,0
16021,Boundary,0
16023,Butte,0
16025,Camas,0
16027,Canyon,0
16029,Caribou,0
16031,Cassia,0
16033,Clark,0
16035,Clearwater,0
16037,Custer,0
16039,Elmore,0
16041,Franklin,0
16043,Fremont,1
16045,Gem,0
16047,Gooding,0
16049,Idaho,0
16051,Jefferson,0
16053,Jerome,0
16055,Kootenai,0
16057,Latah,0
16059,Lemhi,0
16061,Lewis,0
16063,Lincoln,0
16065,Madison,0
16067,Minidoka,0
16069,Nez Perce,0
16071,Oneida,0
16073,Owyhee,0
16075,Payette,0
16077,Power,0
16079,Shoshone,0
16081,Teton,1
16083,Twin Falls,0
16085,Valley,0
16087,Washington,0
17000,Illinois,0
17001,Adams,0
17003,Alexander,0
17005,Bond,0
17007,Boone,0
17009,Brown,0
17011,Bureau,0
17013,Calhoun,0
17015,Carroll,0
17017,Cass,0
17019,Champaign,0
17021,Christian,0
17023,Clark,0
17025,Clay,0
17027,Clinton,0
17029,Coles,0
17031,Cook,1
17033,Crawford,0
17035,Cumberland,0
17037,DeKalb,0
17039,De Witt,0
17041,Douglas,0
17043,DuPage,0
17045,Edgar,0
17047,Edwards,0
17049,Effingham,0
17051,Fayette,0
17053,Ford,0
17055,Franklin,0
17057,Fulton,0
17059,Gallatin,0
17061,Greene,0
17063,Grundy,0
17065,Hamilton,0
17067,Hancock,0
17069,Hardin,0
17071,Henderson,0
17073,Henry,0
17075,Iroquois,0
17077,Jackson,0
17079,Jasper,0
17081,Jefferson,0
17083,Jersey,0
17085,Jo Daviess,0
17087,Johnson,0
17089,Kane,0
17091,Kankakee,0
17093,Kendall,0
17095,Knox,0
17097,Lake,0
17099,La Salle,0
17101,Lawrence,0
17103,Lee,0
17105,Livingston,0
17107,Logan,0
17109,McDonough,0
17111,McHenry,0
17113,McLean,0
17115,Macon,0
17117,Macoupin,0
17119,Madison,0
17121,Marion,0
17123,Marshall,0
17125,Mason,0
17127,Massac,0
17129,Menard,0
17131,Mercer,0
17133,Monroe,0
17135,Montgomery,0
17137,Morgan,0
17139,Moultrie,0
17141,Ogle,0
17143,Peoria,0
17145,Perry,0
17147,Piatt,0
17149,Pike,0
17151,Pope,0
17153,Pulaski,0
17155,Putnam,0
17157,Randolph,0
17159,Richland,0
17161,Rock Island,0
17163,St. Clair,0
17165,Saline,0
17167,Sangamon,0
17169,Schuyler,0
17171,Scott,0
17173,Shelby,0
17175,Stark,0
17177,Stephenson,0
17179,Tazewell,0
17181,Union,0
17183,Vermilion,0
17185,Wabash,0
17187,Warren,0
17189,Washington,0
17191,Wayne,0
17193,White,0
17195,Whiteside,0
17197,Will,0
17199,Williamson,0
17201,Winnebago,0
17203,Woodford,0
18000,Indiana,0
18001,Adams,0
18003,Allen,0
18005,Bartholomew,0
18007,Benton,0
18009,Blackford,0
18011,Boone,0
18013,Brown,0
18015,Carroll,0
18017,Cass,0
18019,Clark,0
18021,Clay,0
18023,Clinton,0
18025,Crawford,0
18027,Daviess,0
18029,Dearborn,0
18031,Decatur,0
18033,De Kalb,0
18035,Delaware,0
18037,Dubois,0
18039,Elkhart,0
18041,Fayette,0
18043,Floyd,0
18045,Fountain,0
18047,Franklin,0
18049,Fulton,0
18051,Gibson,0
18053,Grant,0
18055,Greene,0
18057,Hamilton,0
18059,Hancock,0
18061,Harrison,0
18063,Hendricks,0
18065,Henry,0
18067,Howard,0
18069,Huntington,0
18071,Jackson,0
18073,Jasper,0
18075,Jay,0
18077,Jefferson,0
18079,Jennings,0
18081,Johnson,0
18083,Knox,0
18085,Kosciusko,0
18087,Lagrange,0
18089,Lake,0
18091,La Porte,0
18093,Lawrence,0
18095,Madison,0
18097,Marion,0
18099,Marshall,0
18101,Martin,0
18103,Miami,0
18105,Monroe,0
18107,Montgomery,0
18109,Morgan,0
18111,Newton,0
18113,Noble,0
18115,Ohio,0
18117,Orange,0
18119,Owen,0
18121,Parke,0
18123,Perry,0
18125,Pike,0
18127,Porter,0
18129,Posey,0
18131,Pulaski,0
18133,Putnam,0
18135,Randolph,0
18137,Ripley,0
18139,Rush,0
18141,St. Joseph,0
18143,Scott,0
18145,Shelby,0
18147,Spencer,0
18149,Starke,0
18151,Steuben,0
18153,Sullivan,0
18155,Switzerland,0
18157,Tippecanoe,0
18159,Tipton,0
18161,Union,0
18163,Vanderburgh,0
18165,Vermillion,0
18167,Vigo,0
18169,Wabash,0
18171,Warren,0
18173,Warrick,0
18175,Washington,0
18177,Wayne,0
18179,Wells,0
18181,White,0
18183,Whitley,0
19000,Iowa,0
19001,Adair,0
19003,Adams,0
19005,Allamakee,0
19007,Appanoose,0
19009,Audubon,0
19011,Benton,0
19013,Black Hawk,0
19015,Boone,0
19017,Bremer,0
19019,Buchanan,0
19021,Buena Vista,0
19023,Butler,0
19025,Calhoun,0
19027,Carroll,0
19029,Cass,0
19031,Cedar,0
19033,Cerro Gordo,0
19035,Cherokee,0
19037,Chickasaw,0
19039,Clarke,0
19041,Clay,0
19043,Clayton,0
19045,Clinton,0
19047,Crawford,0
19049,Dallas,0
19051,Davis,0
19053,Decatur,0
19055,Delaware,0
19057,Des Moines,0
19059,Dickinson,0
19061,Dubuque,0
19063,Emmet,0
19065,Fayette,0
19067,Floyd,0
19069,Franklin,0
19071,Fremont,0
19073,Greene,0
19075,Grundy,0
19077,Guthrie,0
19079,Hamilton,0
19081,Hancock,0
19083,Hardin,0
19085,Harrison,0
19087,Henry,0
19089,Howard,0
19091,Humboldt,0
19093,Ida,0
19095,Iowa,0
19097,Jackson,0
19099,Jasper,0
19101,Jefferson,0
19103,Johnson,0
19105,Jones,0
19107,Keokuk,0
19109,Kossuth,0
19111,Lee,0
19113,Linn,0
19115,Louisa,0
19117,Lucas,0
19119,Lyon,0
19121,Madison,0
19123,Mahaska,0
19125,Marion,0
19127,Marshall,0
19129,Mills,0
19131,Mitchell,0
19133,Monona,0
19135,Monroe,0
19137,Montgomery,0
19139,Muscatine,0
19141,O'Brien,0
19143,Osceola,0
19145,Page,0
19147,Palo Alto,0
19149,Plymouth,0
19151,Pocahontas,0
19153,Polk,0
19155,Pottawattamie,0
19157,Poweshiek,0
19159,Ringgold,0
19161,Sac,0
19163,Scott,0
19165,Shelby,0
19167,Sioux,0
19169,Story,0
19171,Tama,0
19173,Taylor,0
19175,Union,0
19177,Van Buren,0
19179,Wapello,0
19181,Warren,0
19183,Washington,0
19185,Wayne,0
19187,Webster,0
19189,Winnebago,0
19191,Winneshiek,0
19193,Woodbury,0
19195,Worth,0
19197,Wright,0
20000,Kansas,0
20001,Allen,0
20003,Anderson,0
20005,Atchison,0
20007,Barber,0
20009,Barton,0
20011,Bourbon,0
20013,Brown,0
20015,Butler,0
20017,Chase,0
20019,Chautauqua,0
20021,Cherokee,0
20023,Cheyenne,0
20025,Clark,0
20027,Clay,0
20029,Cloud,0
20031,Coffey,0
20033,Comanche,0
20035,Cowley,0
20037,Crawford,0
20039,Decatur,0
20041,Dickinson,0
20043,Doniphan,0
20045,Douglas,0
20047,Edwards,0
20049,Elk,0
20051,Ellis,0
20053,Ellsworth,0
20055,Finney,0
20057,Ford,0
20059,Franklin,0
20061,Geary,0
20063,Gove,0
20065,Graham,0
20067,Grant,0
20069,Gray,0
20071,Greeley,0
20073,Greenwood,0
20075,Hamilton,0
20077,Harper,0
20079,Harvey,0
20081,Haskell,0
20083,Hodgeman,0
20085,Jackson,0
20087,Jefferson,0
20089,Jewell,0
20091,Johnson,0
20093,Kearny,0
20095,Kingman,0
20097,Kiowa,0
20099,Labette,0
20101,Lane,0
20103,Leavenworth,0
20105,Lincoln,0
20107,Linn,0
20109,Logan,0
20111,Lyon,0
20113,McPherson,0
20115,Marion,0
20117,Marshall,0
20119,Meade,0
20121,Miami,0
20123,Mitchell,0
20125,Montgomery,0
20127,Morris,0
20129,Morton,0
20131,Nemaha,0
20133,Neosho,0
20135,Ness,0
20137,Norton,0
20139,Osage,0
20141,Osborne,0
20143,Ottawa,0
20145,Pawnee,0
20147,Phillips,0
20149,Pottawatomie,0
20151,Pratt,0
20153,Rawlins,0
20155,Reno,0
20157,Republic,0
20159,Rice,0
20161,Riley,0
20163,Rooks,0
20165,Rush,0
20167,Russell,0
20169,Saline,0
20171,Scott,0
20173,Sedgwick,0
20175,Seward,0
20177,Shawnee,0
20179,Sheridan,0
20181,Sherman,0
20183,Smith,0
20185,Stafford,0
20187,Stanton,0
20189,Stevens,0
20191,Sumner,0
20193,Thomas,0
20195,Trego,0
20197,Wabaunsee,0
20199,Wallace,0
20201,Washington,0
20203,Wichita,0
20205,Wilson,0
20207,Woodson,0
20209,Wyandotte,0
21000,Kentucky,0
21001,Adair,0
21003,Allen,0
21005,Anderson,0
21007,Ballard,0
21009,Barren,0
21011,Bath,0
21013,Bell,0
21015,Boone,0
21017,Bourbon,0
21019,Boyd,0
21021,Boyle,0
21023,Bracken,0
21025,Breathitt,0
21027,Breckinridge,0
21029,Bullitt,0
21031,Butler,0
21033,Caldwell,0
21035,Calloway,0
21037,Campbell,0
21039,Carlisle,0
21041,Carroll,0
21043,Carter,0
21045,Casey,0
21047,Christian,0
21049,Clark,0
21051,Clay,0
21053,Clinton,0
21055,Crittenden,0
21057,Cumberland,0
21059,Daviess,0
21061,Edmonson,0
21063,Elliott,0
21065,Estill,0
21067,Fayette,0
21069,Fleming,0
21071,Floyd,0
21073,Franklin,0
21075,Fulton,0
21077,Gallatin,0
21079,Garrard,0
21081,Grant,0
21083,Graves,0
21085,Grayson,0
21087,Green,0
21089,Greenup,0
21091,Hancock,0
21093,Hardin,0
21095,Harlan,0
21097,Harrison,0
21099,Hart,0
21101,Henderson,0
21103,Henry,0
21105,Hickman,0
21107,Hopkins,0
21109,Jackson,0
21111,Jefferson,0
21113,Jessamine,0
21115,Johnson,0
21117,Kenton,0
21119,Knott,0
21121,Knox,0
21123,Larue,0
21125,Laurel,0
21127,Lawrence,0
21129,Lee,0
21131,Leslie,0
21133,Letcher,0
21135,Lewis,0
21137,Lincoln,0
21139,Livingston,0
21141,Logan,0
21143,Lyon,0
21145,McCracken,0
21147,McCreary,0
21149,McLean,0
21151,Madison,0
21153,Magoffin,0
21155,Marion,0
21157,Marshall,0
21159,Martin,0
21161,Mason,0
21163,Meade,0
21165,Menifee,0
21167,Mercer,0
21169,Metcalfe,0
21171,Monroe,0
21173,Montgomery,0
21175,Morgan,0
21177,Muhlenberg,0
21179,Nelson,0
21181,Nicholas,0
21183,Ohio,0
21185,Oldham,0
21187,Owen,0
21189,Owsley,0
21191,Pendleton,0
21193,Perry,0
21195,Pike,0
21197,Powell,0
21199,Pulaski,0
21201,Robertson,0
21203,Rockcastle,0
21205,Rowan,0
21207,Russell,0
21209,Scott,0
21211,Shelby,0
21213,Simpson,0
21215,Spencer,0
21217,Taylor,0
21219,Todd,0
21221,Trigg,0
21223,Trimble,0
21225,Union,0
21227,Warren,0
21229,Washington,0
21231,Wayne,0
21233,Webster,0
21235,Whitley,0
21237,Wolfe,0
21239,Woodford,0
22000,Louisiana,0
22001,Acadia,0
22003,Allen,0
22005,Ascension,0
22007,Assumption,0
22009,Avoyelles,0
22011,Beauregard,0
22013,Bienville,0
22015,Bossier,0
22017,Caddo,0
22019,Calcasieu,0
22021,Caldwell,0
22023,Cameron,0
22025,Catahoula,0
22027,Claiborne,0
22029,Concordia,0
22031,De Soto,0
22033,East Baton Rouge,0
22035,East Carroll,0
22037,East Feliciana,0
22039,Evangeline,0
22041,Franklin,0
22043,Grant,0
22045,Iberia,0
22047,Iberville,0
22049,Jackson,0
22051,Jefferson,0
22053,Jefferson Davis,0
22055,Lafayette,0
22057,Lafourche,0
22059,La Salle,0
22061,Lincoln,0
22063,Livingston,0
22065,Madison,0
22067,Morehouse,0
22069,Natchitoches,0
22071,Orleans,0
22073,Ouachita,0
22075,Plaquemines,2
22077,Pointe Coupee,0
22079,Rapides,0
22081,Red River,0
22083,Richland,0
22085,Sabine,0
22087,St. Bernard,1
22089,St. Charles,0
22091,St. Helena,0
22093,St. James,0
22095,St. John the Baptist,0
22097,St. Landry,0
22099,St. Martin,0
22101,St. Mary,0
22103,St. Tammany,0
22105,Tangipahoa,0
22107,Tensas,0
22109,Terrebonne,0
22111,Union,0
22113,Vermilion,0
22115,Vernon,0
22117,Washington,0
22119,Webster,0
22121,West Baton Rouge,0
22123,West Carroll,0
22125,West Feliciana,0
22127,Winn,0
23000,Maine,0
23001,Androscoggin,0
23003,Aroostook,0
23005,Cumberland,0
23007,Franklin,0
23009,Hancock,0
23011,Kennebec,0
23013,Knox,0
23015,Lincoln,0
23017,Oxford,0
23019,Penobscot,0
23021,Piscataquis,0
23023,Sagadahoc,0
23025,Somerset,0
23027,Waldo,0
23029,Washington,0
23031,York,0
24000,Maryland,0
24001,Allegany,0
24003,Anne Arundel,0
24005,Baltimore,0
24009,Calvert,0
24011,Caroline,0
24013,Carroll,0
24015,Cecil,0
24017,Charles,0
24019,Dorchester,0
24021,Frederick,0
24023,Garrett,0
24025,Harford,0
24027,Howard,0
24029,Kent,0
24031,Montgomery,0
24033,Prince George's,0
24035,Queen Anne's,0
24037,St. Mary's,0
24039,Somerset,0
24041,Talbot,0
24043,Washington,0
24045,Wicomico,0
24047,Worcester,0
24510,Baltimore city,0
25000,Massachusetts,0
25001,Barnstable,0
25003,Berkshire,0
25005,Bristol,0
25007,Dukes,0
25009,Essex,0
25011,Franklin,0
25013,Hampden,0
25015,Hampshire,0
25017,Middlesex,0
25019,Nantucket,0
25021,Norfolk,0
25023,Plymouth,0
25025,Suffolk,0
25027,Worcester,0
26000,Michigan,0
26001,Alcona,0
26003,Alger,0
26005,Allegan,0
26007,Alpena,0
26009,Antrim,0
26011,Arenac,0
26013,Baraga,0
26015,Barry,0
26017,Bay,0
26019,Benzie,0
26021,Berrien,0
26023,Branch,0
26025,Calhoun,0
26027,Cass,0
26029,Charlevoix,0
26031,Cheboygan,0
26033,Chippewa,0
26035,Clare,0
26037,Clinton,0
26039,Crawford,0
26041,Delta,0
26043,Dickinson,0
26045,Eaton,0
26047,Emmet,0
26049,Genesee,0
26051,Gladwin,0
26053,Gogebic,0
26055,Grand Traverse,0
26057,Gratiot,0
26059,Hillsdale,0
26061,Houghton,0
26063,Huron,0
26065,Ingham,0
26067,Ionia,0
26069,Iosco,0
26071,Iron,0
26073,Isabella,0
26075,Jackson,0
26077,Kalamazoo,0
26079,Kalkaska,0
26081,Kent,0
26083,Keweenaw,0
26085,Lake,0
26087,Lapeer,0
26089,Leelanau,0
26091,Lenawee,0
26093,Livingston,0
26095,Luce,0
26097,Mackinac,0
26099,Macomb,0
26101,Manistee,0
26103,Marquette,0
26105,Mason,0
26107,Mecosta,0
26109,Menominee,0
26111,Midland,0
26113,Missaukee,0
26115,Monroe,0
26117,Montcalm,0
26119,Montmorency,0
26121,Muskegon,0
26123,Newaygo,0
26125,Oakland,0
26127,Oceana,0
26129,Ogemaw,0
26131,Ontonagon,0
26133,Osceola,0
26135,Oscoda,0
26137,Otsego,0
26139,Ottawa,0
26141,Presque Isle,0
26143,Roscommon,0
26145,Saginaw,0
26147,St. Clair,0
26149,St. Joseph,0
26151,Sanilac,0
26153,Schoolcraft,0
26155,Shiawassee,0
26157,Tuscola,0
26159,Van Buren,0
26161,Washtenaw,0
26163,Wayne,0
26165,Wexford,0
27000,Minnesota,0
27001,Aitkin,0
27003,Anoka,0
27005,Becker,0
27007,Beltrami,0
27009,Benton,0
27011,Big Stone,0
27013,Blue Earth,0
27015,Brown,0
27017,Carlton,0
27019,Carver,0
27021,Cass,0
27023,Chippewa,0
27025,Chisago,0
27027,Clay,0
27029,Clearwater,0
27031,Cook,0
27033,Cottonwood,0
27035,Crow Wing,0
27037,Dakota,0
27039,Dodge,0
27041,Douglas,0
27043,Faribault,0
27045,Fillmore,0
27047,Freeborn,0
27049,Goodhue,0
27051,Grant,0
27053,Hennepin,0
27055,Houston,0
27057,Hubbard,0
27059,Isanti,0
27061,Itasca,0
27063,Jackson,0
27065,Kanabec,0
27067,Kandiyohi,0
27069,Kittson,0
27071,Koochiching,0
27073,Lac qui Parle,0
27075,Lake,0
27077,Lake of the Woods,0
27079,Le Sueur,0
27081,Lincoln,0
27083,Lyon,0
27085,McLeod,0
27087,Mahnomen,0
27089,Marshall,0
27091,Martin,0
27093,Meeker,0
27095,Mille Lacs,0
27097,Morrison,0
27099,Mower,0
27101,Murray,0
27103,Nicollet,0
27105,Nobles,0
27107,Norman,0
27109,Olmsted,0
27111,Otter Tail,0
27113,Pennington,0
27115,Pine,0
27117,Pipestone,0
27119,Polk,0
27121,Pope,0
27123,Ramsey,0
27125,Red Lake,0
27127,Redwood,0
27129,Renville,0
27131,Rice,0
27133,Rock,0
27135,Roseau,0
27137,St. Louis,0
27139,Scott,0
27141,Sherburne,0
27143,Sibley,0
27145,Stearns,0
27147,Steele,0
27149,Stevens,0
27151,Swift,0
27153,Todd,0
27155,Traverse,0
27157,Wabasha,0
27159,Wadena,0
27161,Waseca,0
27163,Washington,0
27165,Watonwan,0
27167,Wilkin,0
27169,Winona,0
27171,Wright,0
27173,Yellow Medicine,0
28000,Mississippi,0
28001,Adams,0
28003,Alcorn,0
28005,Amite,0
28007,Attala,0
28009,Benton,0
28011,Bolivar,0
28013,Calhoun,0
28015,Carroll,0
28017,Chickasaw,0
28019,Choctaw,0
28021,Claiborne,0
28023,Clarke,0
28025,Clay,0
28027,Coahoma,0
28029,Copiah,0
28031,Covington,0
28033,DeSoto,0
28035,Forrest,0
28037,Franklin,0
28039,George,0
28041,Greene,0
28043,Grenada,0
28045,Hancock,0
28047,Harrison,0
28049,Hinds,0
28051,Holmes,0
28053,Humphreys,0
28055,Issaquena,0
28057,Itawamba,0
28059,Jackson,0
28061,Jasper,0
28063,Jefferson,0
28065,Jefferson Davis,0
28067,Jones,0
28069,Kemper,0
28071,Lafayette,0
28073,Lamar,0
28075,Lauderdale,0
28077,Lawrence,0
28079,Leake,0
28081,Lee,0
28083,Leflore,0
28085,Lincoln,0
28087,Lowndes,0
28089,Madison,0
28091,Marion,0
28093,Marshall,0
28095,Monroe,0
28097,Montgomery,0
28099,Neshoba,0
28101,Newton,0
28103,Noxubee,0
28105,Oktibbeha,0
28107,Panola,0
28109,Pearl River,0
28111,Perry,0
28113,Pike,0
28115,Pontotoc,0
28117,Prentiss,0
28119,Quitman,0
28121,Rankin,0
28123,Scott,0
28125,Sharkey,0
28127,Simpson,0
28129,Smith,0
28131,Stone,0
28133,Sunflower,0
28135,Tallahatchie,0
28137,Tate,0
28139,Tippah,0
28141,Tishomingo,0
28143,Tunica,0
28145,Union,0
28147,Walthall,0
28149,Warren,0
28151,Washington,0
28153,Wayne,0
28155,Webster,0
28157,Wilkinson,0
28159,Winston,0
28161,Yalobusha,0
28163,Yazoo,0
29000,Missouri,0
29001,Adair,0
29003,Andrew,0
29005,Atchison,0
29007,Audrain,0
29009,Barry,0
29011,Barton,0
29013,Bates,0
29015,Benton,0
29017,Bollinger,0
29019,Boone,0
29021,Buchanan,0
29023,Butler,0
29025,Caldwell,0
29027,Callaway,0
29029,Camden,0
29031,Cape Girardeau,0
29033,Carroll,0
29035,Carter,0
29037,Cass,0
29039,Cedar,0
29041,Chariton,0
29043,Christian,0
29045,Clark,0
29047,Clay,0
29049,Clinton,0
29051,Cole,0
29053,Cooper,0
29055,Crawford,0
29057,Dade,0
29059,Dallas,0
29061,Daviess,0
29063,De Kalb,0
29065,Dent,0
29067,Douglas,0
29069,Dunklin,0
29071,Franklin,0
29073,Gasconade,0
29075,Gentry,0
29077,Greene,0
29079,Grundy,0
29081,Harrison,0
29083,Henry,0
29085,Hickory,0
29087,Holt,0
29089,Howard,0
29091,Howell,0
29093,Iron,0
29095,Jackson,0
29097,Jasper,0
29099,Jefferson,0
29101,Johnson,0
29103,Knox,0
29105,Laclede,0
29107,Lafayette,0
29109,Lawrence,0
29111,Lewis,0
29113,Lincoln,0
29115,Linn,0
29117,Livingston,0
29119,McDonald,0
29121,Macon,0
29123,Madison,0
29125,Maries,0
29127,Marion,0
29129,Mercer,0
29131,Miller,0
29133,Mississippi,0
29135,Moniteau,0
29137,Monroe,0
29139,Montgomery,0
29141,Morgan,0
29143,New Madrid,0
29145,Newton,0
29147,Nodaway,0
29149,Oregon,0
29151,Osage,0
29153,Ozark,0
29155,Pemiscot,0
29157,Perry,0
29159,Pettis,0
29161,Phelps,0
29163,Pike,0
29165,Platte,0
29167,Polk,0
29169,Pulaski,0
29171,Putnam,0
29173,Ralls,0
29175,Randolph,0
29177,Ray,0
29179,Reynolds,0
29181,Ripley,0
29183,St. Charles,0
29185,St. Clair,0
29186,Ste. Genevieve,0
29187,St. Francois,0
29189,St. Louis,0
29195,Saline,0
29197,Schuyler,0
29199,Scotland,0
29201,Scott,0
29203,Shannon,0
29205,Shelby,0
29207,Stoddard,0
29209,Stone,0
29211,Sullivan,0
29213,Taney,0
29215,Texas,0
29217,Vernon,0
29219,Warren,0
29221,Washington,0
29223,Wayne,0
29225,Webster,0
29227,Worth,0
29229,Wright,0
29510,St. Louis city,0
30000,Montana,0
30001,Beaverhead,0
30003,Big Horn,0
30005,Blaine,0
30007,Broadwater,0
30009,Carbon,0
30011,Carter,0
30013,Cascade,0
30015,Chouteau,0
30017,Custer,0
30019,Daniels,0
30021,Dawson,0
30023,Deer Lodge,0
30025,Fallon,0
30027,Fergus,0
30029,Flathead,0
30031,Gallatin,1
30033,Garfield,0
30035,Glacier,0
30037,Golden Valley,0
30039,Granite,0
30041,Hill,0
30043,Jefferson,0
30045,Judith Basin,0
30047,Lake,0
30049,Lewis and Clark,0
30051,Liberty,0
30053,Lincoln,0
30055,McCone,0
30057,Madison,0
30059,Meagher,0
30061,Mineral,0
30063,Missoula,0
30065,Musselshell,0
30067,Park,1
30069,Petroleum,0
30071,Phillips,0
30073,Pondera,0
30075,Powder River,0
30077,Powell,0
30079,Prairie,0
30081,Ravalli,0
30083,Richland,0
30085,Roosevelt,0
30087,Rosebud,0
30089,Sanders,0
30091,Sheridan,0
30093,Silver Bow,0
30095,Stillwater,1
30097,Sweet Grass,1
30099,Teton,0
30101,Toole,0
30103,Treasure,0
30105,Valley,0
30107,Wheatland,0
30109,Wibaux,0
30111,Yellowstone,1
30113,Yellowstone National Park,0
31000,Nebraska,0
31001,Adams,0
31003,Antelope,0
31005,Arthur,0
31007,Banner,0
31009,Blaine,0
31011,Boone,0
31013,Box Butte,0
31015,Boyd,0
31017,Brown,0
31019,Buffalo,0
31021,Burt,0
31023,Butler,0
31025,Cass,0
31027,Cedar,0
31029,Chase,0
31031,Cherry,0
31033,Cheyenne,0
31035,Clay,0
31037,Colfax,0
31039,Cuming,0
31041,Custer,0
31043,Dakota,0
31045,Dawes,0
31047,Dawson,0
31049,Deuel,0
31051,Dixon,0
31053,Dodge,0
31055,Douglas,0
31057,Dundy,0
31059,Fillmore,0
31061,Franklin,0
31063,Frontier,0
31065,Furnas,0
31067,Gage,0
31069,Garden,0
31071,Garfield,0
31073,Gosper,0
31075,Grant,0
31077,Greeley,0
31079,Hall,0
31081,Hamilton,0
31083,Harlan,0
31085,Hayes,0
31087,Hitchcock,0
31089,Holt,0
31091,Hooker,0
31093,Howard,0
31095,Jefferson,0
31097,Johnson,0
31099,Kearney,0
31101,Keith,0
31103,Keya Paha,0
31105,Kimball,0
31107,Knox,0
31109,Lancaster,0
31111,Lincoln,0
31113,Logan,0
31115,Loup,0
31117,McPherson,0
31119,Madison,0
31121,Merrick,0
31123,Morrill,0
31125,Nance,0
31127,Nemaha,0
31129,Nuckolls,0
31131,Otoe,0
31133,Pawnee,0
31135,Perkins,0
31137,Phelps,0
31139,Pierce,0
31141,Platte,0
31143,Polk,0
31145,Red Willow,0
31147,Richardson,0
31149,Rock,0
31151,Saline,0
31153,Sarpy,0
31155,Saunders,0
31157,Scotts Bluff,0
31159,Seward,0
31161,Sheridan,0
31163,Sherman,0
31165,Sioux,0
31167,Stanton,0
31169,Thayer,0
31171,Thomas,0
31173,Thurston,0
31175,Valley,0
31177,Washington,0
31179,Wayne,0
31181,Webster,0
31183,Wheeler,0
31185,York,0
32000,Nevada,0
32001,Churchill,0
32003,Clark,2
32005,Douglas,0
32007,Elko,0
32009,Esmeralda,1
32011,Eureka,0
32013,Humboldt,0
32015,Lander,0
32017,Lincoln,0
32019,Lyon,0
32021,Mineral,0
32023,Nye,1
32027,Pershing,0
32029,Storey,0
32031,Washoe,0
32033,White Pine,0
32510,Carson City,0
33000,New Hampshire,0
33001,Belknap,0
33003,Carroll,0
33005,Cheshire,0
33007,Coos,0
33009,Grafton,0
33011,Hillsborough,0
33013,Merrimack,0
33015,Rockingham,0
33017,Strafford,0
33019,Sullivan,0
34000,New Jersey,0
34001,Atlantic,0
34003,Bergen,0
34005,Burlington,0
34007,Camden,0
34009,Cape May,0
34011,Cumberland,0
34013,Essex,1
34015,Gloucester,0
34017,Hudson,0
34019,Hunterdon,0
34021,Mercer,0
34023,Middlesex,0
34025,Monmouth,0
34027,Morris,0
34029,Ocean,0
34031,Passaic,0
34033,Salem,0
34035,Somerset,0
34037,Sussex,0
34039,Union,0
34041,Warren,0
35000,New Mexico,0
35001,Bernalillo,0
35003,Catron,0
35005,Chaves,0
35006,Cibola,0
35007,Colfax,0
35009,Curry,0
35011,De Baca,0
35013,Dona Ana,0
35015,Eddy,0
35017,Grant,0
35019,Guadalupe,0
35021,Harding,0
35023,Hidalgo,0
35025,Lea,0
35027,Lincoln,0
35028,Los Alamos,0
35029,Luna,0
35031,McKinley,0
35033,Mora,0
35035,Otero,0
35037,Quay,0
35039,Rio Arriba,0
35041,Roosevelt,0
35043,Sandoval,0
35045,San Juan,0
35047,San Miguel,0
35049,Santa Fe,0
35051,Sierra,0
35053,Socorro,0
35055,Taos,0
35057,Torrance,0
35059,Union,0
35061,Valencia,0
36000,New York,0
36001,Albany,0
36003,Allegany,0
36005,Bronx,1
36007,Broome,0
36009,Cattaraugus,0
36011,Cayuga,0
36013,Chautauqua,0
36015,Chemung,0
36017,Chenango,0
36019,Clinton,0
36021,Columbia,0
36023,Cortland,0
36025,Delaware,0
36027,Dutchess,0
36029,Erie,0
36031,Essex,0
36033,Franklin,0
36035,Fulton,0
36037,Genesee,0
36039,Greene,0
36041,Hamilton,0
36043,Herkimer,0
36045,Jefferson,0
36047,Kings,1
36049,Lewis,0
36051,Livingston,0
36053,Madison,0
36055,Monroe,0
36057,Montgomery,0
36059,Nassau,0
36061,New York,3
36063,Niagara,0
36065,Oneida,0
36067,Onondaga,0
36069,Ontario,0
36071,Orange,0
36073,Orleans,0
36075,Oswego,0
36077,Otsego,0
36079,Putnam,0
36081,Queens,2
36083,Rensselaer,0
36085,Richmond,0
36087,Rockland,0
36089,St. Lawrence,0
36091,Saratoga,0
36093,Schenectady,0
36095,Schoharie,0
36097,Schuyler,0
36099,Seneca,0
36101,Steuben,0
36103,Suffolk,0
36105,Sullivan,0
36107,Tioga,0
36109,Tompkins,0
36111,Ulster,0
36113,Warren,0
36115,Washington,0
36117,Wayne,0
36119,Westchester,0
36121,Wyoming,0
36123,Yates,0
37000,North Carolina,0
37001,Alamance,0
37003,Alexander,0
37005,Alleghany,0
37007,Anson,0
37009,Ashe,0
37011,Avery,0
37013,Beaufort,0
37015,Bertie,0
37017,Bladen,0
37019,Brunswick,0
37021,Buncombe,0
37023,Burke,0
37025,Cabarrus,0
37027,Caldwell,0
37029,Camden,0
37031,Carteret,0
37033,Caswell,0
37035,Catawba,0
37037,Chatham,0
37039,Cherokee,0
37041,Chowan,0
37043,Clay,0
37045,Cleveland,0
37047,Columbus,0
37049,Craven,0
37051,Cumberland,0
37053,Currituck,0
37055,Dare,0
37057,Davidson,0
37059,Davie,0
37061,Duplin,0
37063,Durham,0
37065,Edgecombe,0
37067,Forsyth,0
37069,Franklin,0
37071,Gaston,0
37073,Gates,0
37075,Graham,0
37077,Granville,0
37079,Greene,0
37081,Guilford,0
37083,Halifax,0
37085,Harnett,0
37087,Haywood,0
37089,Henderson,0
37091,Hertford,0
37093,Hoke,0
37095,Hyde,0
37097,Iredell,0
37099,Jackson,0
37101,Johnston,0
37103,Jones,0
37105,Lee,0
37107,Lenoir,0
37109,Lincoln,0
37111,McDowell,0
37113,Macon,0
37115,Madison,0
37117,Martin,0
37119,Mecklenburg,0
37121,Mitchell,0
37123,Montgomery,0
37125,Moore,0
37127,Nash,0
37129,New Hanover,0
37131,Northampton,0
37133,Onslow,0
37135,Orange,0
37137,Pamlico,0
37139,Pasquotank,0
37141,Pender,0
37143,Perquimans,0
37145,Person,0
37147,Pitt,0
37149,Polk,0
37151,Randolph,0
37153,Richmond,0
37155,Robeson,0
37157,Rockingham,0
37159,Rowan,0
37161,Rutherford,0
37163,Sampson,0
37165,Scotland,0
37167,Stanly,0
37169,Stokes,0
37171,Surry,0
37173,Swain,0
37175,Transylvania,0
37177,Tyrrell,0
37179,Union,0
37181,Vance,0
37183,Wake,0
37185,Warren,0
37187,Washington,0
37189,Watauga,0
37191,Wayne,0
37193,Wilkes,0
37195,Wilson,0
37197,Yadkin,0
37199,Yancey,0
38000,North Dakota,0
38001,Adams,0
38003,Barnes,0
38005,Benson,0
38007,Billings,0
38009,Bottineau,0
38011,Bowman,0
38013,Burke,0
38015,Burleigh,0
38017,Cass,0
38019,Cavalier,0
38021,Dickey,0
38023,Divide,0
38025,Dunn,0
38027,Eddy,0
38029,Emmons,0
38031,Foster,0
38033,Golden Valley,0
38035,Grand Forks,0
38037,Grant,0
38039,Griggs,0
38041,Hettinger,0
38043,Kidder,0
38045,La Moure,0
38047,Logan,0
38049,McHenry,0
38051,McIntosh,0
38053,McKenzie,0
38055,McLean,0
38057,Mercer,0
38059,Morton,0
38061,Mountrail,0
38063,Nelson,0
38065,Oliver,0
38067,Pembina,0
38069,Pierce,0
38071,Ramsey,0
38073,Ransom,0
38075,Renville,0
38077,Richland,0
38079,Rolette,0
38081,Sargent,0
38083,Sheridan,0
38085,Sioux,0
38087,Slope,0
38089,Stark,0
38091,Steele,0
38093,Stutsman,0
38095,Towner,0
38097,Traill,0
38099,Walsh,0
38101,Ward,0
38103,Wells,0
38105,Williams,0
39000,Ohio,0
39001,Adams,0
39003,Allen,0
39005,Ashland,0
39007,Ashtabula,0
39009,Athens,0
39011,Auglaize,0
39013,Belmont,0
39015,Brown,0
39017,Butler,0
39019,Carroll,0
39021,Champaign,0
39023,Clark,0
39025,Clermont,0
39027,Clinton,0
39029,Columbiana,0
39031,Coshocton,0
39033,Crawford,0
39035,Cuyahoga,0
39037,Darke,0
39039,Defiance,0
39041,Delaware,0
39043,Erie,0
39045,Fairfield,0
39047,Fayette,0
39049,Franklin,0
39051,Fulton,0
39053,Gallia,0
39055,Geauga,0
39057,Greene,0
39059,Guernsey,0
39061,Hamilton,0
39063,Hancock,0
39065,Hardin,0
39067,Harrison,0
39069,Henry,0
39071,Highland,0
39073,Hocking,0
39075,Holmes,0
39077,Huron,0
39079,Jackson,0
39081,Jefferson,0
39083,Knox,0
39085,Lake,0
39087,Lawrence,0
39089,Licking,0
39091,Logan,0
39093,Lorain,0
39095,Lucas,0
39097,Madison,0
39099,Mahoning,0
39101,Marion,0
39103,Medina,0
39105,Meigs,0
39107,Mercer,0
39109,Miami,0
39111,Monroe,0
39113,Montgomery,0
39115,Morgan,0
39117,Morrow,0
39119,Muskingum,0
39121,Noble,0
39123,Ottawa,0
39125,Paulding,0
39127,Perry,0
39129,Pickaway,0
39131,Pike,0
39133,Portage,0
39135,Preble,0
39137,Putnam,0
39139,Richland,0
39141,Ross,0
39143,Sandusky,0
39145,Scioto,0
39147,Seneca,0
39149,Shelby,0
39151,Stark,0
39153,Summit,0
39155,Trumbull,0
39157,Tuscarawas,0
39159,Union,0
39161,Van Wert,0
39163,Vinton,0
39165,Warren,0
39167,Washington,0
39169,Wayne,0
39171,Williams,0
39173,Wood,0
39175,Wyandot,0
40000,Oklahoma,0
40001,Adair,0
40003,Alfalfa,0
40005,Atoka,0
40007,Beaver,0
40009,Beckham,0
40011,Blaine,0
40013,Bryan,0
40015,Caddo,0
40017,Canadian,0
40019,Carter,0
40021,Cherokee,0
40023,Choctaw,0
40025,Cimarron,0
40027,Cleveland,0
40029,Coal,0
40031,Comanche,0
40033,Cotton,0
40035,Craig,0
40037,Creek,0
40039,Custer,0
40041,Delaware,0
40043,Dewey,0
40045,Ellis,0
40047,Garfield,0
40049,Garvin,0
40051,Grady,0
40053,Grant,0
40055,Greer,0
40057,Harmon,0
40059,Harper,0
40061,Haskell,0
40063,Hughes,0
40065,Jackson,0
40067,Jefferson,0
40069,Johnston,0
40071,Kay,0
40073,Kingfisher,0
40075,Kiowa,0
40077,Latimer,0
40079,Le Flore,0
40081,Lincoln,0
40083,Logan,0
40085,Love,0
40087,McClain,0
40089,McCurtain,0
40091,McIntosh,0
40093,Major,0
40095,Marshall,0
40097,Mayes,0
40099,Murray,0
40101,Muskogee,0
40103,Noble,0
40105,Nowata,0
40107,Okfuskee,0
40109,Oklahoma,1
40111,Okmulgee,0
40113,Osage,0
40115,Ottawa,0
40117,Pawnee,0
40119,Payne,0
40121,Pittsburg,0
40123,Pontotoc,0
40125,Pottawatomie,0
40127,Pushmataha,0
40129,Roger Mills,0
40131,Rogers,0
40133,Seminole,0
40135,Sequoyah,0
40137,Stephens,0
40139,Texas,0
40141,Tillman,0
40143,Tulsa,0
40145,Wagoner,0
40147,Washington,0
40149,Washita,0
40151,Woods,0
40153,Woodward,0
41000,Oregon,0
41001,Baker,0
41003,Benton,0
41005,Clackamas,0
41007,Clatsop,0
41009,Columbia,0
41011,Coos,0
41013,Crook,0
41015,Curry,0
41017,Deschutes,0
41019,Douglas,0
41021,Gilliam,0
41023,Grant,0
41025,Harney,0
41027,Hood River,0
41029,Jackson,0
41031,Jefferson,0
41033,Josephine,0
41035,Klamath,0
41037,Lake,0
41039,Lane,0
41041,Lincoln,0
41043,Linn,0
41045,Malheur,0
41047,Marion,0
41049,Morrow,0
41051,Multnomah,0
41053,Polk,0
41055,Sherman,0
41057,Tillamook,0
41059,Umatilla,0
41061,Union,0
41063,Wallowa,0
41065,Wasco,0
41067,Washington,0
41069,Wheeler,0
41071,Yamhill,0
42000,Pennsylvania,0
42001,Adams,0
42003,Allegheny,0
42005,Armstrong,0
42007,Beaver,0
42009,Bedford,0
42011,Berks,0
42013,Blair,0
42015,Bradford,0
42017,Bucks,0
42019,Butler,0
42021,Cambria,0
42023,Cameron,0
42025,Carbon,0
42027,Centre,0
42029,Chester,0
42031,Clarion,0
42033,Clearfield,0
42035,Clinton,0
42037,Columbia,0
42039,Crawford,0
42041,Cumberland,0
42043,Dauphin,0
42045,Delaware,0
42047,Elk,0
42049,Erie,0
42051,Fayette,0
42053,Forest,0
42055,Franklin,0
42057,Fulton,0
42059,Greene,0
42061,Huntingdon,0
42063,Indiana,0
42065,Jefferson,0
42067,Juniata,0
42069,Lackawanna,0
42071,Lancaster,0
42073,Lawrence,0
42075,Lebanon,0
42077,Lehigh,0
42079,Luzerne,0
42081,Lycoming,0
42083,McKean,0
42085,Mercer,0
42087,Mifflin,0
42089,Monroe,0
42091,Montgomery,0
42093,Montour,0
42095,Northampton,0
42097,Northumberland,0
42099,Perry,0
42101,Philadelphia,0
42103,Pike,0
42105,Potter,0
42107,Schuylkill,0
42109,Snyder,0
42111,Somerset,0
42113,Sullivan,0
42115,Susquehanna,0
42117,Tioga,0
42119,Union,0
42121,Venango,0
42123,Warren,0
42125,Washington,0
42127,Wayne,0
42129,Westmoreland,0
42131,Wyoming,0
42133,York,0
44000,Rhode Island,0
44001,Bristol,0
44003,Kent,0
44005,Newport,0
44007,Providence,0
44009,Washington,0
45000,South Carolina,0
45001,Abbeville,0
45003,Aiken,0
45005,Allendale,0
45007,Anderson,0
45009,Bamberg,0
45011,Barnwell,0
45013,Beaufort,0
45015,Berkeley,0
45017,Calhoun,0
45019,Charleston,0
45021,Cherokee,0
45023,Chester,0
45025,Chesterfield,0
45027,Clarendon,0
45029,Colleton,0
45031,Darlington,0
45033,Dillon,0
45035,Dorchester,0
45037,Edgefield,0
45039,Fairfield,0
45041,Florence,0
45043,Georgetown,0
45045,Greenville,0
45047,Greenwood,0
45049,Hampton,0
45051,Horry,0
45053,Jasper,0
45055,Kershaw,0
45057,Lancaster,0
45059,Laurens,0
45061,Lee,0
45063,Lexington,0
45065,McCormick,0
45067,Marion,0
45069,Marlboro,0
45071,Newberry,0
45073,Oconee,0
45075,Orangeburg,0
45077,Pickens,0
45079,Richland,0
45081,Saluda,0
45083,Spartanburg,0
45085,Sumter,0
45087,Union,0
45089,Williamsburg,0
45091,York,0
46000,South Dakota,0
46003,Aurora,0
46005,Beadle,0
46007,Bennett,0
46009,Bon Homme,0
46011,Brookings,0
46013,Brown,0
46015,Brule,0
46017,Buffalo,0
46019,Butte,0
46021,Campbell,0
46023,Charles Mix,0
46025,Clark,0
46027,Clay,0
46029,Codington,0
46031,Corson,0
46033,Custer,0
46035,Davison,0
46037,Day,0
46039,Deuel,0
46041,Dewey,0
46043,Douglas,0
46045,Edmunds,0
46047,Fall River,0
46049,Faulk,0
46051,Grant,0
46053,Gregory,0
46055,Haakon,0
46057,Hamlin,0
46059,Hand,0
46061,Hanson,0
46063,Harding,0
46065,Hughes,0
46067,Hutchinson,0
46069,Hyde,0
46071,Jackson,0
46073,Jerauld,0
46075,Jones,0
46077,Kingsbury,0
46079,Lake,0
46081,Lawrence,0
46083,Lincoln,0
46085,Lyman,0
46087,McCook,0
46089,McPherson,0
46091,Marshall,0
46093,Meade,0
46095,Mellette,0
46097,Miner,0
46099,Minnehaha,0
46101,Moody,0
46103,Pennington,0
46105,Perkins,0
46107,Potter,0
46109,Roberts,0
46111,Sanborn,0
46113,Shannon,0
46115,Spink,0
46117,Stanley,0
46119,Sully,0
46121,Todd,0
46123,Tripp,0
46125,Turner,0
46127,Union,0
46129,Walworth,0
46135,Yankton,0
46137,Ziebach,0
47000,Tennessee,0
47001,Anderson,0
47003,Bedford,0
47005,Benton,0
47007,Bledsoe,0
47009,Blount,0
47011,Bradley,0
47013,Campbell,0
47015,Cannon,0
47017,Carroll,0
47019,Carter,0
47021,Cheatham,0
47023,Chester,0
47025,Claiborne,0
47027,Clay,0
47029,Cocke,0
47031,Coffee,0
47033,Crockett,0
47035,Cumberland,0
47037,Davidson,0
47039,Decatur,0
47041,DeKalb,0
47043,Dickson,0
47045,Dyer,0
47047,Fayette,0
47049,Fentress,0
47051,Franklin,0
47053,Gibson,0
47055,Giles,0
47057,Grainger,0
47059,Greene,0
47061,Grundy,0
47063,Hamblen,0
47065,Hamilton,0
47067,Hancock,0
47069,Hardeman,0
47071,Hardin,0
47073,Hawkins,0
47075,Haywood,0
47077,Henderson,0
47079,Henry,0
47081,Hickman,0
47083,Houston,0
47085,Humphreys,0
47087,Jackson,0
47089,Jefferson,0
47091,Johnson,0
47093,Knox,0
47095,Lake,0
47097,Lauderdale,0
47099,Lawrence,0
47101,Lewis,0
47103,Lincoln,0
47105,Loudon,0
47107,McMinn,0
47109,McNairy,0
47111,Macon,0
47113,Madison,0
47115,Marion,0
47117,Marshall,0
47119,Maury,0
47121,Meigs,0
47123,Monroe,0
47125,Montgomery,0
47127,Moore,0
47129,Morgan,0
47131,Obion,0
47133,Overton,0
47135,Perry,0
47137,Pickett,0
47139,Polk,0
47141,Putnam,0
47143,Rhea,0
47145,Roane,0
47147,Robertson,0
47149,Rutherford,0
47151,Scott,0
47153,Sequatchie,0
47155,Sevier,0
47157,Shelby,0
47159,Smith,0
47161,Stewart,0
47163,Sullivan,0
47165,Sumner,0
47167,Tipton,0
47169,Trousdale,0
47171,Unicoi,0
47173,Union,0
47175,Van Buren,0
47177,Warren,0
47179,Washington,0
47181,Wayne,0
47183,Weakley,0
47185,White,0
47187,Williamson,0
47189,Wilson,0
48000,Texas,0
48001,Anderson,0
48003,Andrews,0
48005,Angelina,0
48007,Aransas,0
48009,Archer,0
48011,Armstrong,0
48013,Atascosa,0
48015,Austin,0
48017,Bailey,0
48019,Bandera,1
48021,Bastrop,0
48023,Baylor,0
48025,Bee,0
48027,Bell,0
48029,Bexar,2
48031,Blanco,2
48033,Borden,0
48035,Bosque,0
48037,Bowie,0
48039,Brazoria,1
48041,Brazos,0
48043,Brewster,2
48045,Briscoe,0
48047,Brooks,0
48049,Brown,0
48051,Burleson,0
48053,Burnet,2
48055,Caldwell,0
48057,Calhoun,0
48059,Callahan,0
48061,Cameron,2
48063,Camp,0
48065,Carson,0
48067,Cass,0
48069,Castro,0
48071,Chambers,0
48073,Cherokee,0
48075,Childress,0
48077,Clay,0
48079,Cochran,0
48081,Coke,0
48083,Coleman,0
48085,Collin,0
48087,Collingsworth,0
48089,Colorado,0
48091,Comal,2
48093,Comanche,0
48095,Concho,0
48097,Cooke,0
48099,Coryell,0
48101,Cottle,0
48103,Crane,0
48105,Crockett,0
48107,Crosby,0
48109,Culberson,1
48111,Dallam,0
48113,Dallas,2
48115,Dawson,0
48117,Deaf Smith,0
48119,Delta,0
48121,Denton,0
48123,De Witt,0
48125,Dickens,0
48127,Dimmit,0
48129,Donley,0
48131,Duval,0
48133,Eastland,0
48135,Ector,0
48137,Edwards,0
48139,Ellis,0
48141,El Paso,2
48143,Erath,0
48145,Falls,0
48147,Fannin,0
48149,Fayette,0
48151,Fisher,0
48153,Floyd,0
48155,Foard,0
48157,Fort Bend,2
48159,Franklin,0
48161,Freestone,0
48163,Frio,0
48165,Gaines,0
48167,Galveston,0
48169,Garza,0
48171,Gillespie,1
48173,Glasscock,0
48175,Goliad,0
48177,Gonzales,0
48179,Gray,0
48181,Grayson,0
48183,Gregg,0
48185,Grimes,0
48187,Guadalupe,3
48189,Hale,0
48191,Hall,0
48193,Hamilton,0
48195,Hansford,0
48197,Hardeman,0
48199,Hardin,0
48201,Harris,3
48203,Harrison,0
48205,Hartley,0
48207,Haskell,0
48209,Hays,0
48211,Hemphill,0
48213,Henderson,0
48215,Hidalgo,1
48217,Hill,0
48219,Hockley,0
48221,Hood,0
48223,Hopkins,0
48225,Houston,0
48227,Howard,0
48229,Hudspeth,2
48231,Hunt,0
48233,Hutchinson,0
48235,Irion,0
48237,Jack,0
48239,Jackson,0
48241,Jasper,0
48243,Jeff Davis,1
48245,Jefferson,0
48247,Jim Hogg,0
48249,Jim Wells,0
48251,Johnson,0
48253,Jones,0
48255,Karnes,0
48257,Kaufman,0
48259,Kendall,0
48261,Kenedy,0
48263,Kent,0
48265,Kerr,0
48267,Kimble,0
48269,King,0
48271,Kinney,0
48273,Kleberg,0
48275,Knox,0
48277,Lamar,0
48279,Lamb,0
48281,Lampasas,0
48283,La Salle,0
48285,Lavaca,0
48287,Lee,0
48289,Leon,0
48291,Liberty,0
48293,Limestone,0
48295,Lipscomb,0
48297,Live Oak,0
48299,Llano,0
48301,Loving,0
48303,Lubbock,0
48305,Lynn,0
48307,McCulloch,0
48309,McLennan,0
48311,McMullen,0
48313,Madison,0
48315,Marion,0
48317,Martin,0
48319,Mason,0
48321,Matagorda,0
48323,Maverick,0
48325,Medina,0
48327,Menard,0
48329,Midland,0
48331,Milam,0
48333,Mills,0
48335,Mitchell,0
48337,Montague,0
48339,Montgomery,1
48341,Moore,0
48343,Morris,0
48345,Motley,0
48347,Nacogdoches,0
48349,Navarro,0
48351,Newton,0
48353,Nolan,0
48355,Nueces,2
48357,Ochiltree,0
48359,Oldham,0
48361,Orange,0
48363,Palo Pinto,0
48365,Panola,0
48367,Parker,0
48369,Parmer,0
48371,Pecos,1
48373,Polk,0
48375,Potter,0
48377,Presidio,1
48379,Rains,0
48381,Randall,0
48383,Reagan,0
48385,Real,0
48387,Red River,0
48389,Reeves,1
48391,Refugio,0
48393,Roberts,0
48395,Robertson,0
48397,Rockwall,0
48399,Runnels,0
48401,Rusk,0
48403,Sabine,0
48405,San Augustine,0
48407,San Jacinto,1
48409,San Patricio,1
48411,San Saba,0
48413,Schleicher,0
48415,Scurry,0
48417,Shackelford,0
48419,Shelby,0
48421,Sherman,0
48423,Smith,0
48425,Somervell,0
48427,Starr,1
48429,Stephens,0
48431,Sterling,0
48433,Stonewall,0
48435,Sutton,0
48437,Swisher,0
48439,Tarrant,0
48441,Taylor,0
48443,Terrell,0
48445,Terry,0
48447,Throckmorton,0
48449,Titus,0
48451,Tom Green,0
48453,Travis,4
48455,Trinity,0
48457,Tyler,0
48459,Upshur,0
48461,Upton,0
48463,Uvalde,0
48465,Val Verde,0
48467,Van Zandt,0
48469,Victoria,0
48471,Walker,1
48473,Waller,0
48475,Ward,0
48477,Washington,0
48479,Webb,0
48481,Wharton,0
48483,Wheeler,0
48485,Wichita,0
48487,Wilbarger,0
48489,Willacy,0
48491,Williamson,2
48493,Wilson,0
48495,Winkler,0
48497,Wise,0
48499,Wood,0
48501,Yoakum,0
48503,Young,0
48505,Zapata,0
48507,Zavala,0
49000,Utah,0
49001,Beaver,0
49003,Box Elder,0
49005,Cache,0
49007,Carbon,0
49009,Daggett,0
49011,Davis,0
49013,Duchesne,0
49015,Emery,0
49017,Garfield,0
49019,Grand,0
49021,Iron,0
49023,Juab,0
49025,Kane,0
49027,Millard,0
49029,Morgan,0
49031,Piute,0
49033,Rich,0
49035,Salt Lake,0
49037,San Juan,0
49039,Sanpete,0
49041,Sevier,0
49043,Summit,0
49045,Tooele,0
49047,Uintah,0
49049,Utah,0
49051,Wasatch,0
49053,Washington,0
49055,Wayne,0
49057,Weber,0
50000,Vermont,0
50001,Addison,0
50003,Bennington,0
50005,Caledonia,0
50007,Chittenden,0
50009,Essex,0
50011,Franklin,0
50013,Grand Isle,0
50015,Lamoille,0
50017,Orange,0
50019,Orleans,0
50021,Rutland,0
50023,Washington,0
50025,Windham,0
50027,Windsor,0
51000,Virginia,0
51001,Accomack,0
51003,Albemarle,0
51005,Alleghany,0
51007,Amelia,0
51009,Amherst,0
51011,Appomattox,0
51013,Arlington,0
51015,Augusta,0
51017,Bath,0
51019,Bedford,0
51021,Bland,0
51023,Botetourt,0
51025,Brunswick,0
51027,Buchanan,0
51029,Buckingham,0
51031,Campbell,0
51033,Caroline,0
51035,Carroll,0
51036,Charles City,0
51037,Charlotte,0
51041,Chesterfield,0
51043,Clarke,0
51045,Craig,0
51047,Culpeper,0
51049,Cumberland,0
51051,Dickenson,0
51053,Dinwiddie,0
51057,Essex,0
51059,Fairfax,0
51061,Fauquier,0
51063,Floyd,0
51065,Fluvanna,0
51067,Franklin,0
51069,Frederick,0
51071,Giles,0
51073,Gloucester,0
51075,Goochland,0
51077,Grayson,0
51079,Greene,0
51081,Greensville,0
51083,Halifax,0
51085,Hanover,0
51087,Henrico,0
51089,Henry,0
51091,Highland,0
51093,Isle of Wight,0
51095,James City,0
51097,King and Queen,0
51099,King George,0
51101,King William,0
51103,Lancaster,0
51105,Lee,0
51107,Loudoun,0
51109,Louisa,0
51111,Lunenburg,0
51113,Madison,0
51115,Mathews,0
51117,Mecklenburg,0
51119,Middlesex,0
51121,Montgomery,0
51125,Nelson,0
51127,New Kent,0
51131,Northampton,0
51133,Northumberland,0
51135,Nottoway,0
51137,Orange,0
51139,Page,0
51141,Patrick,0
51143,Pittsylvania,0
51145,Powhatan,0
51147,Prince Edward,0
51149,Prince George,0
51153,Prince William,0
51155,Pulaski,0
51157,Rappahannock,0
51159,Richmond,0
51161,Roanoke,0
51163,Rockbridge,0
51165,Rockingham,0
51167,Russell,0
51169,Scott,0
51171,Shenandoah,0
51173,Smyth,0
51175,Southampton,0
51177,Spotsylvania,0
51179,Stafford,0
51181,Surry,0
51183,Sussex,0
51185,Tazewell,0
51187,Warren,0
51191,Washington,0
51193,Westmoreland,0
51195,Wise,0
51197,Wythe,0
51199,York,0
51510,Alexandria,0
51515,Bedford,0
51520,Bristol,0
51530,Buena Vista,0
51540,Charlottesville,0
51550,Chesapeake,0
51560,Clifton Forge,0
51570,Colonial Heights,0
51580,Covington,0
51590,Danville,0
51595,Emporia,0
51600,Fairfax,0
51610,Falls Church,0
51620,Franklin,0
51630,Fredericksburg,0
51640,Galax,0
51650,Hampton,0
51660,Harrisonburg,0
51670,Hopewell,0
51678,Lexington,0
51680,Lynchburg,0
51683,Manassas,0
51685,Manassas Park,0
51690,Martinsville,0
51700,Newport News,0
51710,Norfolk,0
51720,Norton,0
51730,Petersburg,0
51735,Poquoson,0
51740,Portsmouth,0
51750,Radford,0
51760,Richmond,0
51770,Roanoke,0
51775,Salem,0
51780,South Boston,0
51790,Staunton,0
51800,Suffolk,0
51810,Virginia Beach,0
51820,Waynesboro,0
51830,Williamsburg,0
51840,Winchester,0
53000,Washington,0
53001,Adams,0
53003,Asotin,0
53005,Benton,0
53007,Chelan,0
53009,Clallam,2
53011,Clark,0
53013,Columbia,0
53015,Cowlitz,0
53017,Douglas,0
53019,Ferry,0
53021,Franklin,0
53023,Garfield,0
53025,Grant,0
53027,Grays Harbor,2
53029,Island,0
53031,Jefferson,2
53033,King,2
53035,Kitsap,1
53037,Kittitas,0
53039,Klickitat,0
53041,Lewis,2
53043,Lincoln,0
53045,Mason,2
53047,Okanogan,0
53049,Pacific,0
53051,Pend Oreille,0
53053,Pierce,2
53055,San Juan,0
53057,Skagit,0
53059,Skamania,0
53061,Snohomish,0
53063,Spokane,0
53065,Stevens,0
53067,Thurston,1
53069,Wahkiakum,0
53071,Walla Walla,0
53073,Whatcom,0
53075,Whitman,0
53077,Yakima,0
54000,West Virginia,0
54001,Barbour,0
54003,Berkeley,0
54005,Boone,0
54007,Braxton,0
54009,Brooke,0
54011,Cabell,0
54013,Calhoun,0
54015,Clay,0
54017,Doddridge,0
54019,Fayette,0
54021,Gilmer,0
54023,Grant,0
54025,Greenbrier,0
54027,Hampshire,0
54029,Hancock,0
54031,Hardy,0
54033,Harrison,0
54035,Jackson,0
54037,Jefferson,0
54039,Kanawha,0
54041,Lewis,0
54043,Lincoln,0
54045,Logan,0
54047,McDowell,0
54049,Marion,0
54051,Marshall,0
54053,Mason,0
54055,Mercer,0
54057,Mineral,0
54059,Mingo,0
54061,Monongalia,0
54063,Monroe,0
54065,Morgan,0
54067,Nicholas,0
54069,Ohio,0
54071,Pendleton,0
54073,Pleasants,0
54075,Pocahontas,0
54077,Preston,0
54079,Putnam,0
54081,Raleigh,0
54083,Randolph,0
54085,Ritchie,0
54087,Roane,0
54089,Summers,0
54091,Taylor,0
54093,Tucker,0
54095,Tyler,0
54097,Upshur,0
54099,Wayne,0
54101,Webster,0
54103,Wetzel,0
54105,Wirt,0
54107,Wood,0
54109,Wyoming,0
55000,Wisconsin,0
55001,Adams,0
55003,Ashland,0
55005,Barron,0
55007,Bayfield,0
55009,Brown,0
55011,Buffalo,0
55013,Burnett,0
55015,Calumet,0
55017,Chippewa,0
55019,Clark,0
55021,Columbia,0
55023,Crawford,0
55025,Dane,3
55027,Dodge,0
55029,Door,0
55031,Douglas,0
55033,Dunn,0
55035,Eau Claire,0
55037,Florence,0
55039,Fond du Lac,0
55041,Forest,0
55043,Grant,0
55045,Green,0
55047,Green Lake,0
55049,Iowa,0
55051,Iron,0
55053,Jackson,0
55055,Jefferson,0
55057,Juneau,0
55059,Kenosha,0
55061,Kewaunee,0
55063,La Crosse,0
55065,Lafayette,0
55067,Langlade,0
55069,Lincoln,0
55071,Manitowoc,0
55073,Marathon,0
55075,Marinette,0
55077,Marquette,0
55078,Menominee,0
55079,Milwaukee,0
55081,Monroe,0
55083,Oconto,0
55085,Oneida,0
55087,Outagamie,0
55089,Ozaukee,0
55091,Pepin,0
55093,Pierce,0
55095,Polk,0
55097,Portage,0
55099,Price,0
55101,Racine,0
55103,Richland,0
55105,Rock,0
55107,Rusk,0
55109,St. Croix,0
55111,Sauk,0
55113,Sawyer,0
55115,Shawano,0
55117,Sheboygan,0
55119,Taylor,0
55121,Trempealeau,0
55123,Vernon,0
55125,Vilas,0
55127,Walworth,0
55129,Washburn,0
55131,Washington,0
55133,Waukesha,0
55135,Waupaca,0
55137,Waushara,0
55139,Winnebago,0
55141,Wood,0
56000,Wyoming,0
56001,Albany,0
56003,Big Horn,0
56005,Campbell,0
56007,Carbon,0
56009,Converse,0
56011,Crook,0
56013,Fremont,0
56015,Goshen,0
56017,Hot Springs,0
56019,Johnson,0
56021,Laramie,0
56023,Lincoln,0
56025,Natrona,0
56027,Niobrara,0
56029,Park,2
56031,Platte,0
56033,Sheridan,0
56035,Sublette,0
56037,Sweetwater,0
56039,Teton,2
56041,Uinta,0
56043,Washakie,0
56045,Weston,0
60000,America Somoa,0
60010,Eastern,0
60020,Manu'a,0
60030,Rose Island,0
60040,Swains Island,0
60050,Western,0
64000,Federated States of Micronesia,0
64002,Chuuk,0
64005,Kosrae,0
64040,Pohnpeit,0
64060,Yap,0
66000,Guam,0
66010,Guam,0
68000,Marshall Islands,0
68007,Ailinginae,0
68010,Ailinglaplap,0
68030,Ailuk,0
68040,Arno,0
68050,Aur,0
68060,Bikar,0
68070,Bikini,0
68073,Bokak,0
68080,Ebon,0
68090,Enewetak,0
68100,Erikub,0
68110,Jabat,0
68120,Jaluit,0
68130,Jemo,0
68140,Kili,0
68150,Kwajalein,0
68160,Lae,0
68170,Lib,0
68180,Likiep,0
68190,Majuro,0
68300,Maloelap,0
68310,Mejit,0
68320,Mili,0
68330,Namorik,0
68340,Namu,0
68350,Rongelap,0
68360,Rongrik,0
68385,Toke,0
68390,Ujae,0
68400,Ujelang,0
68410,Utrik,0
68420,Wotho,0
68430,Wotle,0
69000,Northern Mariana Islands,0
69085,Northern Islands,0
69100,Rota,0
69110,Saipan,0
69120,Tinian,0
70000,Palau,0
70002,Aimeliik,0
70004,Airai,0
70212,Melekeok,0
70214,Ngaraard,0
70227,Ngernmlengui,0
70228,Ngiwal,0
72000,Puerto Rico,0
72001,Adjuntas,0
72003,Aguada,0
72005,Aguadilla,0
72007,Aguas Buenas,0
72009,Aibonito,0
72011,Anasco,0
72013,Arecibo,0
72015,Arroyo,0
72017,Barceloneta,0
72019,Barranquitas,0
72021,Bayamo'n,0
72023,Cabo Rojo,0
72025,Caguas,0
72027,Camuy,0
72029,Canovanas,0
72031,Carolina,0
72033,Catano,0
72035,Cayey,0
72037,Ceiba,0
72041,Cidra,0
72043,Coamo,0
72045,Comerio,0
72047,Corozal,0
72049,Culebra,0
72051,Dorado,0
72053,Fajardo,0
72054,Florida,0
72055,Guanica,0
72057,Guayama,0
72059,Guayanilla,0
72061,Guaynabo,0
72063,Gurabo,0
72065,Hatillo,0
72067,Hormigueros,0
72069,Humacao,0
72071,Isabela,0
72073,Jayuya,0
72075,Juana Diaz,0
72077,Juncos,0
72079,Lajas,0
72081,Lares,0
72083,Las Marias,0
72085,Las Piedras,0
72087,Loiza,0
72089,Luquillo,0
72091,Manati,0
72093,Maricao,0
72097,Mayaguez,0
72099,Moca,0
72101,Morovis,0
72103,Naguabo,0
72105,Naranjito,0
72107,Orocovis,0
72109,Patillas,0
72111,Penuelas,0
72113,Ponce,0
72115,Quebradillas,0
72117,Rincon,0
72119,Rio Grande,0
72121,Sabana Grande,0
72123,Salinas,0
72125,San German,0
72127,San Juan,0
72129,San Lorenzo,0
72131,San Sebastian,0
72133,Santa Isabel,0
72135,Toa Alta,0
72137,Toa Baja,0
72139,Trujillo Alto,0
72141,Utuado,0
72143,Vega Alta,0
72145,Vega Baja,0
72147,Vieques,0
72149,Villalba,0
72151,Yabucoa,0
72153,Yauco,0
74000,U.S. Minor Outlying Islands,0
74050,Baker Island,0
74100,Howland Island,0
74150,Jarvis Island,0
74200,Johnston Island,0
74250,Kingman Reef,0
74300,Midway Islands,0
74350,Navassa Island,0
74400,Palmyra Atoll,0
74450,Wake Island,0
78000,Virgin Islands of the United States,0
78010,Angaur,0
78010,St. Croix,0
78020,St. John,0
78030,St. Thomas,0
78050,Hatoboheit,0
78100,Kayangel,0
78150,Koror,0
78218,Ngarchelong,0
78222,Ngardmau,0
78224,Ngatpang,0
78226,Ngchesar,0
78350,Peleliu,0
78370,Sonsorol,0
